Index,ID,Name,Address,Phone
601,Georgian-701-723,ქალბატონი Matthew ჭაბუკაშვილი,3219 ციალა ჩიხი,(+995) 585 71 17 93
602,Georgian-702-17,Benny ნათაძე III,9202 გიგაური გამზ.,(+995) 521 914 039
603,Georgian-703-843,Abel თაბაგარი,93633 ზაზა გამზირი,995 573-160-907
604,Georgian-704-827,Harry ველიჯანაშვილი,708 ეკა ხეივანი,+995 526773328
605,Georgian-705-879,Caroline ჭავჭავაძე,259 ტურია ხეივანი,995 542666824
606,Georgian-706-317,Karen ბერუაშვილი,34114 ეკატერინე ჩიხი,(+995) 561 81 57 60
607,Georgian-707-487,Joe ხარატასშვილი IV,7081 ზუკა ხეივანი,+995 507-755-617
608,Georgian-708-0,Marcus ზუბიაშვილი,4415 ვარდანიძე ხეივანი,+995 523-475-103
609,Georgian-709-699,Willard იაშვილი Jr.,952 გიგაური ჩიხი,501 378918
610,Georgian-710-851,Freddie ჩხვიმიანი,358 თამაზაშვილი გამზ.,534 501 909
611,Georgian-711-526,Elijah თუხარელი,53111 მაკა გამზირი,500 434331
612,Georgian-712-487,Ramona მაღალაძე,2985 იოსებ ქ.,526 401627
613,Georgian-713-23,Ana კანდელაკი,440 ჭარელიძე ხეივანი,+995 511 98 06 95
614,Georgian-714-359,Yolanda თუხარელი,8083 მერაბიშვილი გამზ.,+995 588-005-442
615,Georgian-715-124,Abel ზარანდია,0556 იოსებ ჩიხი,590-816-175
616,Georgian-716-872,Noah ახვლედიანი,7444 მარიამი გამზ.,+995 538 115 389
617,Georgian-717-977,ქ-ნი Stewart მარტოლეკი,8174 გაგნიძე გამზ.,995 570 78 26 81
618,Georgian-718-120,Allan ბოგველიშვილი I,1608 მზექალა ჩიხი,+995 537 79 25 91
619,Georgian-719-769,Cynthia აბაზაძე DDS,5421 ნუნუკა გამზირი,(+995) 584 10 71 07
620,Georgian-720-480,Patty გაგნიძე,63828 ჯანელიძე ჩიხი,995 593649256
621,Georgian-721-373,Nicole ჩოლოყაშვილი DDS,22331 მამისა ჩიხი,+995 576094416
622,Georgian-722-214,Ruth კოპაძე,527 ელენე გამზ.,995 525-607-291
623,Georgian-723-351,Desiree გაბრიჩიძე,76816 ლადო ქ.,995 546194961
624,Georgian-724-681,Stuart ქავთარაძე,9253 მაგული ხეივანი,(+995) 576-858-772
625,Georgian-725-662,Bernice ჭიორელი,0133 მაისურაძე ჩიხი,995 540583948
626,Georgian-726-644,Cassandra კოპტონაშვილი,462 ნათელა ხეივანი,(+995) 587 16 35 82
627,Georgian-727-193,ქ-ნი Krista ხაშმელაშვილი,467 შაკო ქ.,995 500-203-281
628,Georgian-728-788,Maria ჩხვიმიანი,53036 ცაცო გამზირი,(+995) 594 813365
629,Georgian-729-263,Emilio ხაშმელაშვილი,96015 დათუაშვილი გამზირი,995 548-189-489
630,Georgian-730-317,Yolanda პარეხელაშვილი,417 ხარხელაური გამზ.,+995 574-776-041
631,Georgian-731-754,Randy ნათაძე,454 ვერა გამზ.,(+995) 551 490 246
632,Georgian-732-771,Jordan ჯავახი,583 ახალკაცი ქ.,(+995) 579-774-992
633,Georgian-733-229,Kathy ხარაძე,51024 სებისკვერიძე ქ.,995 550 67 18 56
634,Georgian-734-513,Samantha ლურსმანაშვილი,1576 რუსკა ხეივანი,+995 537354372
635,Georgian-735-664,Melvin ავაზნელი,635 ასლამაზიშვილი ქ.,+995 559 565 257
636,Georgian-736-71,Willie ლეკიშვილი,581 ზუკა ქ.,+995 526409560
637,Georgian-737-824,Jonathan ხიზამბარელი,9081 ღუღუნა ხეივანი,578 600 229
638,Georgian-738-973,Andres თაყაიშვილი,63096 მამისთვალი გამზირი,526865988
639,Georgian-739-697,Johnathan მაღალაძე,466 იათამზე ჩიხი,+995 523-364-479
640,Georgian-740-754,Angel სააკაშვილი,85385 ინასარიძე ქ.,534-869-442
641,Georgian-741-455,Lora ახალკაცი DVM,51938 ნატალია ხეივანი,995 582 987492
642,Georgian-742-853,Elaine ჭავჭავაძე,5733 მეფარიშვილი ჩიხი,544 331 791
643,Georgian-743-145,ქალბატონი Camille ჯავახიშვილი,204 უნდილაძე ხეივანი,+995 589-488-467
644,Georgian-744-395,Beulah ჭაბუკაშვილი,9506 მაშო ქ.,995 529973236
645,Georgian-745-529,Christie ხიზანიშვილი II,05580 მზისადარ გამზირი,995 523 221 761
646,Georgian-746-505,Donna წამალაიძე,3341 მელიქიძე ქუჩა,(+995) 589 670 834
647,Georgian-747-59,Lorene ბერუაშვილი,465 გულვარდისა ჩიხი,551 74 31 27
648,Georgian-748-809,Yolanda ხარისჭირაშვილი IV,55286 ნია ქუჩა,(+995) 563-125-714
649,Georgian-749-612,Rebecca ჩიხრაძე,6341 ჭანტურია ხეივანი,(+995) 599 81 02 29
650,Georgian-750-150,Ben ულუმბელაშვილი,039 სულიკო ქ.,995 539159554
651,Georgian-751-215,Jorge თაქთაქიშვილი,0633 მარიტა ქ.,+995 517-764-000
652,Georgian-752-395,Ed ახვლედიანი,8980 ხოხია გამზ.,(+995) 530 103049
653,Georgian-753-686,Christina ხიზამბარელი,28570 ნუკრი ჩიხი,501526178
654,Georgian-754-469,Elias იაშვილი,6335 ნუკრი ჩიხი,+995 592 15 99 46
655,Georgian-755-892,ბ-ნი Darla ავაზნელი,34848 ანუკა ხეივანი,+995 580403910
656,Georgian-756-338,Hannah გზირიშვილი,47923 ანთაძე ქ.,+995 511-126-097
657,Georgian-757-921,ქ-ნი Tammy ახალბედაშვილი,47747 ბოტკოველი გამზირი,995 564 108 055
658,Georgian-758-660,Joshua მგალობლიშვილი DDS,562 თაყა ქუჩა,563 572 717
659,Georgian-759-166,Fred გაბრიჩიძე III,26544 გივი გამზ.,+995 506 727653
660,Georgian-760-948,Rita მჭედლიძე DVM,9851 ფეფიკო გამზირი,+995 537-925-559
661,Georgian-761-715,Josh თბილელი,2954 მჭედლიძე გამზ.,(+995) 587 00 20 47
662,Georgian-762-645,Jonathon ელიოზაშვილი,57199 კვირიკაშვილი ხეივანი,(+995) 548 511682
663,Georgian-763-588,Jo ჩუბინიძე,679 გურგენიძე ხეივანი,995 552-426-801
664,Georgian-764-240,Jackie ავაზნელი,80258 ტაბაღუა ხეივანი,995 516 016 601
665,Georgian-765-148,Cecilia აბშილავა,8683 იური ჩიხი,(+995) 536 05 78 31
666,Georgian-766-235,ქალბატონი Daryl ბარათაშვილი,01964 ბეჟანიშვილი ხეივანი,(+995) 555 942619
667,Georgian-767-801,Mandy საძაგლიშვილი III,811 ძაბული ქ.,587 427534
668,Georgian-768-679,ქ-ნი Elias მუჯირი,43907 ხაბაზი ხეივანი,+995 582-764-661
669,Georgian-769-659,Tiffany გაგნიძე V,7726 კატო გამზ.,+995 579 916507
670,Georgian-770-275,Roberta თაყაიშვილი,22674 ლილი გამზ.,+995 595-918-677
671,Georgian-771-527,Anne მუჯირი,675 ციალა გამზირი,547895247
672,Georgian-772-111,Jose ჭაბუკაშვილი,9487 ვარდიაშვილი გამზ.,(+995) 501170721
673,Georgian-773-208,Isabel ლიქოკელი,49440 პირვარდისა ჩიხი,+995 522 788 438
674,Georgian-774-812,ქ-ნი Olga ციციშვილი,9054 გულისა გამზირი,(+995) 555 048540
675,Georgian-775-717,Opal ხარაძე,3404 რუსკა ქუჩა,995 591 973466
676,Georgian-776-287,Ken ავაზნელი,4274 ბელა ქუჩა,995 551 303327
677,Georgian-777-509,Amanda ავაზნელი,149 მაღალაძე ხეივანი,530 82 87 22
678,Georgian-778-617,Stephanie ყაუხჩიშვილი,1255 შაკო ქ.,596477386
679,Georgian-779-715,Jennie თათარაშვილი,7664 გაბრიჩიძე ქუჩა,+995 590 175566
680,Georgian-780-205,Glenn თამაზაშვილი V,3876 მნათობისა ქუჩა,+995 589 083 516
681,Georgian-781-216,Lynda ოდიშვილი,472 ავაზნელი ჩიხი,995 528-689-261
682,Georgian-782-95,Melissa გიგაური,689 მანანა ჩიხი,(+995) 523 48 54 09
683,Georgian-783-284,Terrell გამრეკელი Sr.,2605 ხიზამბარელი ქუჩა,583281058
684,Georgian-784-146,ბ-ნი Jermaine ჭავჭავაძე,621 ხოჯივანიშვილი ჩიხი,995 577 27 44 22
685,Georgian-785-969,Wayne ბოტკოველი,23284 კვირია ქ.,(+995) 522 160011
686,Georgian-786-947,Courtney ციხისთავი V,898 ჭიორელი ქ.,(+995) 567185898
687,Georgian-787-671,Tara სულაშვილი Sr.,3792 ვარსკვლავისა გამზირი,995 557 057 389
688,Georgian-788-966,Maggie ლოლაძე,3069 ეკა გამზირი,+995 515 50 18 87
689,Georgian-789-580,Gilbert ელიზბარაშვილი,13081 ველიჯანაშვილი ქ.,544439971
690,Georgian-790-675,Jaime მახარაშვილი,30356 ძამისა გამზ.,567629762
691,Georgian-791-467,Opal თამაზაშვილი,38279 გაგი გამზირი,592 001 006
692,Georgian-792-713,Katie ავაზნელი III,506 ხარისჭირაშვილი ხეივანი,995 500 476 614
693,Georgian-793-701,Faye ქართველიშვილი,710 თამაზაშვილი გამზ.,(+995) 543 010338
694,Georgian-794-397,Jean უნდილაძე,9276 ცაცო ჩიხი,+995 565 775 547
695,Georgian-795-616,Dan ჭავჭავაძე,16763 ქართველიშვილი გამზ.,573-419-038
696,Georgian-796-942,Patricia ბეჟანიშვილი,566 შავლაშვილი ხეივანი,505964220
697,Georgian-797-495,Ann სუთიაშვილი,2137 ლურსმანაშვილი ქ.,995 572 95 42 27
698,Georgian-798-637,Angelica სააკაშვილი,9310 ელიზბარაშვილი ქუჩა,583 517118
699,Georgian-799-60,Leo ბოგველიშვილი,37053 ივქირიონ ჩიხი,+995 569779151
700,Georgian-800-508,Margaret თბილელი,488 ჟამიტა ქუჩა,995 569 75 12 32
